year,stock,capture,taxa,effort
1951,Callinectes sapidus,0.01,Callinectes sapidus,NA
1951,Centropomus spp,0.01,Centropomus spp,NA
1951,Coryphaena hippurus,1012,Coryphaena hippurus,NA
1951,Hirundichthys affinis,1800,Hirundichthys affinis,NA
1951,Holothuriidae,0.01,Holothuriidae,NA
1951,Lobatus gigas,0.01,Lobatus gigas,NA
1951,Lobatus gigas2,0.01,Lobatus gigas2,NA
1951,Lobatus gigas3,0.01,Lobatus gigas3,NA
1951,Lobatus gigas4,0.01,Lobatus gigas4,NA
1951,Lobatus gigas5,530,Lobatus gigas5,NA
1951,Lobatus gigas6,0.01,Lobatus gigas6,NA
1951,Lutjanus campechanus,0.01,Lutjanus campechanus,NA
1951,Menticirrhus littoralis,1616,Menticirrhus littoralis,NA
1951,Mugil cephalus,0.01,Mugil cephalus,NA
1951,Octopus spp,0.01,Octopus spp,NA
1951,Opisthonema oglinum,0.001,Opisthonema oglinum,NA
1951,Panulirus argus,1100,Panulirus argus,NA
1951,Panulirus argus2,300,Panulirus argus2,NA
1951,Panulirus argus3,1505,Panulirus argus3,NA
1951,Sardinella aurita,16000,Sardinella aurita,NA
1951,Thunnus atlanticus,900,Thunnus atlanticus,NA
1952,Callinectes sapidus,0.01,Callinectes sapidus,NA
1952,Centropomus spp,0.01,Centropomus spp,NA
1952,Coryphaena hippurus,1312,Coryphaena hippurus,NA
1952,Hirundichthys affinis,2600,Hirundichthys affinis,NA
1952,Holothuriidae,0.01,Holothuriidae,NA
1952,Lobatus gigas,0.01,Lobatus gigas,NA
1952,Lobatus gigas2,0.01,Lobatus gigas2,NA
1952,Lobatus gigas3,0.01,Lobatus gigas3,NA
1952,Lobatus gigas4,0.01,Lobatus gigas4,NA
1952,Lobatus gigas5,530,Lobatus gigas5,NA
1952,Lobatus gigas6,0.01,Lobatus gigas6,NA
1952,Lutjanus campechanus,0.01,Lutjanus campechanus,NA
1952,Menticirrhus littoralis,2390,Menticirrhus littoralis,NA
1952,Mugil cephalus,0.01,Mugil cephalus,NA
1952,Octopus spp,0.01,Octopus spp,NA
1952,Opisthonema oglinum,0.001,Opisthonema oglinum,NA
1952,Panulirus argus,1300,Panulirus argus,NA
1952,Panulirus argus2,300,Panulirus argus2,NA
1952,Panulirus argus3,831,Panulirus argus3,NA
1952,Sardinella aurita,13000,Sardinella aurita,NA
1952,Thunnus atlanticus,900,Thunnus atlanticus,NA
1953,Callinectes sapidus,0.01,Callinectes sapidus,NA
1953,Centropomus spp,0.01,Centropomus spp,NA
1953,Coryphaena hippurus,1313,Coryphaena hippurus,NA
1953,Hirundichthys affinis,2300,Hirundichthys affinis,NA
1953,Holothuriidae,0.01,Holothuriidae,NA
1953,Lobatus gigas,0.01,Lobatus gigas,NA
1953,Lobatus gigas2,0.01,Lobatus gigas2,NA
1953,Lobatus gigas3,0.01,Lobatus gigas3,NA
1953,Lobatus gigas4,0.01,Lobatus gigas4,NA
1953,Lobatus gigas5,530,Lobatus gigas5,NA
1953,Lobatus gigas6,0.01,Lobatus gigas6,NA
1953,Lutjanus campechanus,0.01,Lutjanus campechanus,NA
1953,Menticirrhus littoralis,2241,Menticirrhus littoralis,NA
1953,Mugil cephalus,0.01,Mugil cephalus,NA
1953,Octopus spp,0.01,Octopus spp,NA
1953,Opisthonema oglinum,0.001,Opisthonema oglinum,NA
1953,Panulirus argus,1200,Panulirus argus,NA
1953,Panulirus argus2,300,Panulirus argus2,NA
1953,Panulirus argus3,1005,Panulirus argus3,NA
1953,Sardinella aurita,12400,Sardinella aurita,NA
1953,Thunnus atlanticus,1000,Thunnus atlanticus,NA
1954,Callinectes sapidus,0.01,Callinectes sapidus,NA
1954,Centropomus spp,3300,Centropomus spp,NA
1954,Coryphaena hippurus,1114,Coryphaena hippurus,NA
1954,Hirundichthys affinis,1800,Hirundichthys affinis,NA
1954,Holothuriidae,0.01,Holothuriidae,NA
1954,Lobatus gigas,0.01,Lobatus gigas,NA
1954,Lobatus gigas2,0.01,Lobatus gigas2,NA
1954,Lobatus gigas3,0.01,Lobatus gigas3,NA
1954,Lobatus gigas4,0.01,Lobatus gigas4,NA
1954,Lobatus gigas5,530,Lobatus gigas5,NA
1954,Lobatus gigas6,0.01,Lobatus gigas6,NA
1954,Lutjanus campechanus,0.01,Lutjanus campechanus,NA
1954,Menticirrhus littoralis,2209,Menticirrhus littoralis,NA
1954,Mugil cephalus,0.01,Mugil cephalus,NA
1954,Octopus spp,0.01,Octopus spp,NA
1954,Opisthonema oglinum,0.001,Opisthonema oglinum,NA
1954,Panulirus argus,1800,Panulirus argus,NA
1954,Panulirus argus2,600,Panulirus argus2,NA
1954,Panulirus argus3,983,Panulirus argus3,NA
1954,Sardinella aurita,8400,Sardinella aurita,NA
1954,Thunnus atlanticus,1200,Thunnus atlanticus,NA
1955,Callinectes sapidus,0.01,Callinectes sapidus,NA
1955,Centropomus spp,3700,Centropomus spp,NA
1955,Coryphaena hippurus,1105,Coryphaena hippurus,NA
1955,Hirundichthys affinis,2000,Hirundichthys affinis,NA
1955,Holothuriidae,0.01,Holothuriidae,NA
1955,Lobatus gigas,0.01,Lobatus gigas,NA
1955,Lobatus gigas2,0.01,Lobatus gigas2,NA
1955,Lobatus gigas3,0.01,Lobatus gigas3,NA
1955,Lobatus gigas4,0.01,Lobatus gigas4,NA
1955,Lobatus gigas5,530,Lobatus gigas5,NA
1955,Lobatus gigas6,0.01,Lobatus gigas6,NA
1955,Lutjanus campechanus,0.01,Lutjanus campechanus,NA
1955,Menticirrhus littoralis,1976,Menticirrhus littoralis,NA
1955,Mugil cephalus,0.01,Mugil cephalus,NA
1955,Octopus spp,0.01,Octopus spp,NA
1955,Opisthonema oglinum,0.001,Opisthonema oglinum,NA
1955,Panulirus argus,2300,Panulirus argus,NA
1955,Panulirus argus2,600,Panulirus argus2,NA
1955,Panulirus argus3,1741,Panulirus argus3,NA
1955,Sardinella aurita,17500,Sardinella aurita,NA
1955,Thunnus atlanticus,600,Thunnus atlanticus,NA
1956,Callinectes sapidus,0.01,Callinectes sapidus,NA
1956,Centropomus spp,5100,Centropomus spp,NA
1956,Coryphaena hippurus,1304,Coryphaena hippurus,NA
1956,Hirundichthys affinis,2300,Hirundichthys affinis,NA
1956,Holothuriidae,0.01,Holothuriidae,NA
1956,Lobatus gigas,0.01,Lobatus gigas,NA
1956,Lobatus gigas2,0.01,Lobatus gigas2,NA
1956,Lobatus gigas3,0.01,Lobatus gigas3,NA
1956,Lobatus gigas4,0.01,Lobatus gigas4,NA
1956,Lobatus gigas5,530,Lobatus gigas5,NA
1956,Lobatus gigas6,0.01,Lobatus gigas6,NA
1956,Lutjanus campechanus,0.01,Lutjanus campechanus,NA
1956,Menticirrhus littoralis,2081,Menticirrhus littoralis,NA
1956,Mugil cephalus,0.01,Mugil cephalus,NA
1956,Octopus spp,0.01,Octopus spp,NA
1956,Opisthonema oglinum,3318,Opisthonema oglinum,NA
1956,Panulirus argus,4400,Panulirus argus,NA
1956,Panulirus argus2,600,Panulirus argus2,NA
1956,Panulirus argus3,2112,Panulirus argus3,NA
1956,Sardinella aurita,13700,Sardinella aurita,NA
1956,Thunnus atlanticus,1000,Thunnus atlanticus,NA
1957,Callinectes sapidus,0.01,Callinectes sapidus,NA
1957,Centropomus spp,3400,Centropomus spp,NA
1957,Coryphaena hippurus,1509,Coryphaena hippurus,NA
1957,Hirundichthys affinis,2700,Hirundichthys affinis,NA
1957,Holothuriidae,0.01,Holothuriidae,NA
1957,Lobatus gigas,0.01,Lobatus gigas,NA
1957,Lobatus gigas2,0.01,Lobatus gigas2,NA
1957,Lobatus gigas3,0.01,Lobatus gigas3,NA
1957,Lobatus gigas4,0.01,Lobatus gigas4,NA
1957,Lobatus gigas5,530,Lobatus gigas5,NA
1957,Lobatus gigas6,0.01,Lobatus gigas6,NA
1957,Lutjanus campechanus,0.01,Lutjanus campechanus,NA
1957,Menticirrhus littoralis,2043,Menticirrhus littoralis,NA
1957,Mugil cephalus,0.01,Mugil cephalus,NA
1957,Octopus spp,0.01,Octopus spp,NA
1957,Opisthonema oglinum,7055,Opisthonema oglinum,NA
1957,Panulirus argus,6900,Panulirus argus,NA
1957,Panulirus argus2,900,Panulirus argus2,NA
1957,Panulirus argus3,2532,Panulirus argus3,NA
1957,Sardinella aurita,27300,Sardinella aurita,NA
1957,Thunnus atlanticus,1200,Thunnus atlanticus,NA
1958,Callinectes sapidus,0.01,Callinectes sapidus,NA
1958,Centropomus spp,2000,Centropomus spp,NA
1958,Coryphaena hippurus,1707,Coryphaena hippurus,NA
1958,Hirundichthys affinis,3200,Hirundichthys affinis,NA
1958,Holothuriidae,0.01,Holothuriidae,NA
1958,Lobatus gigas,0.01,Lobatus gigas,NA
1958,Lobatus gigas2,0.01,Lobatus gigas2,NA
1958,Lobatus gigas3,0.01,Lobatus gigas3,NA
1958,Lobatus gigas4,0.01,Lobatus gigas4,NA
1958,Lobatus gigas5,530,Lobatus gigas5,NA
1958,Lobatus gigas6,0.01,Lobatus gigas6,NA
1958,Lutjanus campechanus,0.01,Lutjanus campechanus,NA
1958,Menticirrhus littoralis,1892,Menticirrhus littoralis,NA
1958,Mugil cephalus,0.01,Mugil cephalus,NA
1958,Octopus spp,500,Octopus spp,NA
1958,Opisthonema oglinum,2355,Opisthonema oglinum,NA
1958,Panulirus argus,5600,Panulirus argus,NA
1958,Panulirus argus2,1400,Panulirus argus2,NA
1958,Panulirus argus3,2040,Panulirus argus3,NA
1958,Sardinella aurita,30400,Sardinella aurita,NA
1958,Thunnus atlanticus,1900,Thunnus atlanticus,NA
1959,Callinectes sapidus,0.01,Callinectes sapidus,NA
1959,Centropomus spp,3100,Centropomus spp,NA
1959,Coryphaena hippurus,1808,Coryphaena hippurus,NA
1959,Hirundichthys affinis,2500,Hirundichthys affinis,NA
1959,Holothuriidae,0.01,Holothuriidae,NA
1959,Lobatus gigas,0.01,Lobatus gigas,NA
1959,Lobatus gigas2,0.01,Lobatus gigas2,NA
1959,Lobatus gigas3,0.01,Lobatus gigas3,NA
1959,Lobatus gigas4,0.01,Lobatus gigas4,NA
1959,Lobatus gigas5,530,Lobatus gigas5,NA
1959,Lobatus gigas6,0.01,Lobatus gigas6,NA
1959,Lutjanus campechanus,0.01,Lutjanus campechanus,NA
1959,Menticirrhus littoralis,1443,Menticirrhus littoralis,NA
1959,Mugil cephalus,0.01,Mugil cephalus,NA
1959,Octopus spp,200,Octopus spp,NA
1959,Opisthonema oglinum,2936,Opisthonema oglinum,NA
1959,Panulirus argus,8300,Panulirus argus,NA
1959,Panulirus argus2,1500,Panulirus argus2,NA
1959,Panulirus argus3,2242,Panulirus argus3,NA
1959,Sardinella aurita,32000,Sardinella aurita,NA
1959,Thunnus atlanticus,2000,Thunnus atlanticus,NA
1960,Callinectes sapidus,0.01,Callinectes sapidus,NA
1960,Centropomus spp,2200,Centropomus spp,NA
1960,Coryphaena hippurus,1706,Coryphaena hippurus,NA
1960,Hirundichthys affinis,2800,Hirundichthys affinis,NA
1960,Holothuriidae,0.01,Holothuriidae,NA
1960,Lobatus gigas,0.01,Lobatus gigas,NA
1960,Lobatus gigas2,0.01,Lobatus gigas2,NA
1960,Lobatus gigas3,0.01,Lobatus gigas3,NA
1960,Lobatus gigas4,0.01,Lobatus gigas4,NA
1960,Lobatus gigas5,530,Lobatus gigas5,NA
1960,Lobatus gigas6,0.01,Lobatus gigas6,NA
1960,Lutjanus campechanus,0.01,Lutjanus campechanus,NA
1960,Menticirrhus littoralis,1758,Menticirrhus littoralis,NA
1960,Mugil cephalus,0.01,Mugil cephalus,NA
1960,Octopus spp,400,Octopus spp,NA
1960,Opisthonema oglinum,5625,Opisthonema oglinum,NA
1960,Panulirus argus,8400,Panulirus argus,NA
1960,Panulirus argus2,1700,Panulirus argus2,NA
1960,Panulirus argus3,2192,Panulirus argus3,NA
1960,Sardinella aurita,30600,Sardinella aurita,NA
1960,Thunnus atlanticus,2000,Thunnus atlanticus,NA
1961,Callinectes sapidus,0.01,Callinectes sapidus,NA
1961,Centropomus spp,2100,Centropomus spp,NA
1961,Coryphaena hippurus,1914,Coryphaena hippurus,NA
1961,Hirundichthys affinis,2800,Hirundichthys affinis,NA
1961,Holothuriidae,0.01,Holothuriidae,NA
1961,Lobatus gigas,0.01,Lobatus gigas,NA
1961,Lobatus gigas2,0.01,Lobatus gigas2,NA
1961,Lobatus gigas3,0.01,Lobatus gigas3,NA
1961,Lobatus gigas4,0.01,Lobatus gigas4,NA
1961,Lobatus gigas5,530,Lobatus gigas5,NA
1961,Lobatus gigas6,0.01,Lobatus gigas6,NA
1961,Lutjanus campechanus,0.01,Lutjanus campechanus,NA
1961,Menticirrhus littoralis,1954,Menticirrhus littoralis,NA
1961,Mugil cephalus,0.01,Mugil cephalus,NA
1961,Octopus spp,500,Octopus spp,NA
1961,Opisthonema oglinum,1872,Opisthonema oglinum,NA
1961,Panulirus argus,8700,Panulirus argus,NA
1961,Panulirus argus2,1800,Panulirus argus2,NA
1961,Panulirus argus3,1972,Panulirus argus3,NA
1961,Sardinella aurita,27900,Sardinella aurita,NA
1961,Thunnus atlanticus,1700,Thunnus atlanticus,NA
1962,Callinectes sapidus,0.01,Callinectes sapidus,NA
1962,Centropomus spp,4000,Centropomus spp,NA
1962,Coryphaena hippurus,1511,Coryphaena hippurus,NA
1962,Hirundichthys affinis,2700,Hirundichthys affinis,NA
1962,Holothuriidae,0.01,Holothuriidae,NA
1962,Lobatus gigas,0.01,Lobatus gigas,NA
1962,Lobatus gigas2,0.01,Lobatus gigas2,NA
1962,Lobatus gigas3,0.01,Lobatus gigas3,NA
1962,Lobatus gigas4,0.01,Lobatus gigas4,NA
1962,Lobatus gigas5,1060,Lobatus gigas5,NA
1962,Lobatus gigas6,0.01,Lobatus gigas6,NA
1962,Lutjanus campechanus,0.01,Lutjanus campechanus,NA
1962,Menticirrhus littoralis,1867,Menticirrhus littoralis,NA
1962,Mugil cephalus,500,Mugil cephalus,NA
1962,Octopus spp,500,Octopus spp,NA
1962,Opisthonema oglinum,500,Opisthonema oglinum,NA
1962,Panulirus argus,8000,Panulirus argus,NA
1962,Panulirus argus2,1900,Panulirus argus2,NA
1962,Panulirus argus3,2324,Panulirus argus3,NA
1962,Sardinella aurita,36700,Sardinella aurita,NA
1962,Thunnus atlanticus,2300,Thunnus atlanticus,NA
1963,Callinectes sapidus,0.01,Callinectes sapidus,NA
1963,Centropomus spp,3100,Centropomus spp,NA
1963,Coryphaena hippurus,1204,Coryphaena hippurus,NA
1963,Hirundichthys affinis,1700,Hirundichthys affinis,NA
1963,Holothuriidae,0.01,Holothuriidae,NA
1963,Lobatus gigas,0.01,Lobatus gigas,NA
1963,Lobatus gigas2,0.01,Lobatus gigas2,NA
1963,Lobatus gigas3,0.01,Lobatus gigas3,NA
1963,Lobatus gigas4,0.01,Lobatus gigas4,NA
1963,Lobatus gigas5,1060,Lobatus gigas5,NA
1963,Lobatus gigas6,0.01,Lobatus gigas6,NA
1963,Lutjanus campechanus,0.01,Lutjanus campechanus,NA
1963,Menticirrhus littoralis,1722,Menticirrhus littoralis,NA
1963,Mugil cephalus,2000,Mugil cephalus,NA
1963,Octopus spp,700,Octopus spp,NA
1963,Opisthonema oglinum,500,Opisthonema oglinum,NA
1963,Panulirus argus,7900,Panulirus argus,NA
1963,Panulirus argus2,2100,Panulirus argus2,NA
1963,Panulirus argus3,2626,Panulirus argus3,NA
1963,Sardinella aurita,39200,Sardinella aurita,NA
1963,Thunnus atlanticus,2400,Thunnus atlanticus,NA
1964,Callinectes sapidus,0.01,Callinectes sapidus,NA
1964,Centropomus spp,2700,Centropomus spp,NA
1964,Coryphaena hippurus,1213,Coryphaena hippurus,NA
1964,Hirundichthys affinis,1500,Hirundichthys affinis,NA
1964,Holothuriidae,0.01,Holothuriidae,NA
1964,Lobatus gigas,0.01,Lobatus gigas,NA
1964,Lobatus gigas2,0.01,Lobatus gigas2,NA
1964,Lobatus gigas3,0.01,Lobatus gigas3,NA
1964,Lobatus gigas4,0.01,Lobatus gigas4,NA
1964,Lobatus gigas5,1060,Lobatus gigas5,NA
1964,Lobatus gigas6,0.01,Lobatus gigas6,NA
1964,Lutjanus campechanus,0.01,Lutjanus campechanus,NA
1964,Menticirrhus littoralis,2130,Menticirrhus littoralis,NA
1964,Mugil cephalus,1800,Mugil cephalus,NA
1964,Octopus spp,300,Octopus spp,NA
1964,Opisthonema oglinum,500,Opisthonema oglinum,NA
1964,Panulirus argus,7400,Panulirus argus,NA
1964,Panulirus argus2,2200,Panulirus argus2,NA
1964,Panulirus argus3,2647,Panulirus argus3,NA
1964,Sardinella aurita,42100,Sardinella aurita,NA
1964,Thunnus atlanticus,2400,Thunnus atlanticus,NA
1965,Callinectes sapidus,0.01,Callinectes sapidus,NA
1965,Centropomus spp,2500,Centropomus spp,NA
1965,Coryphaena hippurus,1115,Coryphaena hippurus,NA
1965,Hirundichthys affinis,1600,Hirundichthys affinis,NA
1965,Holothuriidae,0.01,Holothuriidae,NA
1965,Lobatus gigas,750,Lobatus gigas,NA
1965,Lobatus gigas2,0.01,Lobatus gigas2,NA
1965,Lobatus gigas3,0.01,Lobatus gigas3,NA
1965,Lobatus gigas4,0.01,Lobatus gigas4,NA
1965,Lobatus gigas5,1060,Lobatus gigas5,NA
1965,Lobatus gigas6,0.01,Lobatus gigas6,NA
1965,Lutjanus campechanus,0.01,Lutjanus campechanus,NA
1965,Menticirrhus littoralis,2541,Menticirrhus littoralis,NA
1965,Mugil cephalus,2200,Mugil cephalus,NA
1965,Octopus spp,800,Octopus spp,NA
1965,Opisthonema oglinum,487,Opisthonema oglinum,NA
1965,Panulirus argus,9900,Panulirus argus,NA
1965,Panulirus argus2,1600,Panulirus argus2,NA
1965,Panulirus argus3,4008,Panulirus argus3,NA
1965,Sardinella aurita,43800,Sardinella aurita,NA
1965,Thunnus atlanticus,2200,Thunnus atlanticus,NA
1966,Callinectes sapidus,0.01,Callinectes sapidus,NA
1966,Centropomus spp,2700,Centropomus spp,NA
1966,Coryphaena hippurus,1635,Coryphaena hippurus,NA
1966,Hirundichthys affinis,2800,Hirundichthys affinis,NA
1966,Holothuriidae,0.01,Holothuriidae,NA
1966,Lobatus gigas,1500,Lobatus gigas,NA
1966,Lobatus gigas2,0.01,Lobatus gigas2,NA
1966,Lobatus gigas3,0.01,Lobatus gigas3,NA
1966,Lobatus gigas4,0.01,Lobatus gigas4,NA
1966,Lobatus gigas5,1060,Lobatus gigas5,NA
1966,Lobatus gigas6,0.01,Lobatus gigas6,NA
1966,Lutjanus campechanus,0.01,Lutjanus campechanus,NA
1966,Menticirrhus littoralis,2233,Menticirrhus littoralis,NA
1966,Mugil cephalus,1500,Mugil cephalus,NA
1966,Octopus spp,1100,Octopus spp,NA
1966,Opisthonema oglinum,1171,Opisthonema oglinum,NA
1966,Panulirus argus,9800,Panulirus argus,NA
1966,Panulirus argus2,1700,Panulirus argus2,NA
1966,Panulirus argus3,3727,Panulirus argus3,NA
1966,Sardinella aurita,39100,Sardinella aurita,NA
1966,Thunnus atlanticus,2000,Thunnus atlanticus,NA
1967,Callinectes sapidus,0.01,Callinectes sapidus,NA
1967,Centropomus spp,2600,Centropomus spp,NA
1967,Coryphaena hippurus,2086,Coryphaena hippurus,NA
1967,Hirundichthys affinis,2800,Hirundichthys affinis,NA
1967,Holothuriidae,0.01,Holothuriidae,NA
1967,Lobatus gigas,750,Lobatus gigas,NA
1967,Lobatus gigas2,0.01,Lobatus gigas2,NA
1967,Lobatus gigas3,0.01,Lobatus gigas3,NA
1967,Lobatus gigas4,0.01,Lobatus gigas4,NA
1967,Lobatus gigas5,1060,Lobatus gigas5,NA
1967,Lobatus gigas6,0.01,Lobatus gigas6,NA
1967,Lutjanus campechanus,0.01,Lutjanus campechanus,NA
1967,Menticirrhus littoralis,2161,Menticirrhus littoralis,NA
1967,Mugil cephalus,1100,Mugil cephalus,NA
1967,Octopus spp,1600,Octopus spp,NA
1967,Opisthonema oglinum,8601,Opisthonema oglinum,NA
1967,Panulirus argus,9000,Panulirus argus,NA
1967,Panulirus argus2,1400,Panulirus argus2,NA
1967,Panulirus argus3,3602,Panulirus argus3,NA
1967,Sardinella aurita,40000,Sardinella aurita,NA
1967,Thunnus atlanticus,2300,Thunnus atlanticus,NA
1968,Callinectes sapidus,0.01,Callinectes sapidus,NA
1968,Centropomus spp,2900,Centropomus spp,NA
1968,Coryphaena hippurus,1744,Coryphaena hippurus,NA
1968,Hirundichthys affinis,2000,Hirundichthys affinis,NA
1968,Holothuriidae,0.01,Holothuriidae,NA
1968,Lobatus gigas,750,Lobatus gigas,NA
1968,Lobatus gigas2,0.01,Lobatus gigas2,NA
1968,Lobatus gigas3,0.01,Lobatus gigas3,NA
1968,Lobatus gigas4,0.01,Lobatus gigas4,NA
1968,Lobatus gigas5,1060,Lobatus gigas5,NA
1968,Lobatus gigas6,0.01,Lobatus gigas6,NA
1968,Lutjanus campechanus,0.01,Lutjanus campechanus,NA
1968,Menticirrhus littoralis,1957,Menticirrhus littoralis,NA
1968,Mugil cephalus,1000,Mugil cephalus,NA
1968,Octopus spp,1900,Octopus spp,NA
1968,Opisthonema oglinum,6993,Opisthonema oglinum,NA
1968,Panulirus argus,9500,Panulirus argus,NA
1968,Panulirus argus2,2700,Panulirus argus2,NA
1968,Panulirus argus3,4647,Panulirus argus3,NA
1968,Sardinella aurita,36800,Sardinella aurita,NA
1968,Thunnus atlanticus,2100,Thunnus atlanticus,NA
1969,Callinectes sapidus,0.01,Callinectes sapidus,NA
1969,Centropomus spp,2600,Centropomus spp,NA
1969,Coryphaena hippurus,1828,Coryphaena hippurus,NA
1969,Hirundichthys affinis,1800,Hirundichthys affinis,NA
1969,Holothuriidae,0.01,Holothuriidae,NA
1969,Lobatus gigas,750,Lobatus gigas,NA
1969,Lobatus gigas2,0.01,Lobatus gigas2,NA
1969,Lobatus gigas3,0.01,Lobatus gigas3,NA
1969,Lobatus gigas4,0.01,Lobatus gigas4,NA
1969,Lobatus gigas5,1060,Lobatus gigas5,NA
1969,Lobatus gigas6,0.01,Lobatus gigas6,NA
1969,Lutjanus campechanus,0.01,Lutjanus campechanus,NA
1969,Menticirrhus littoralis,1717,Menticirrhus littoralis,NA
1969,Mugil cephalus,1100,Mugil cephalus,NA
1969,Octopus spp,2200,Octopus spp,NA
1969,Opisthonema oglinum,4686,Opisthonema oglinum,NA
1969,Panulirus argus,11600,Panulirus argus,NA
1969,Panulirus argus2,3100,Panulirus argus2,NA
1969,Panulirus argus3,4839,Panulirus argus3,NA
1969,Sardinella aurita,37000,Sardinella aurita,NA
1969,Thunnus atlanticus,2400,Thunnus atlanticus,NA
1970,Callinectes sapidus,0.01,Callinectes sapidus,NA
1970,Centropomus spp,3000,Centropomus spp,NA
1970,Coryphaena hippurus,1700,Coryphaena hippurus,NA
1970,Hirundichthys affinis,1500,Hirundichthys affinis,NA
1970,Holothuriidae,0.01,Holothuriidae,NA
1970,Lobatus gigas,750,Lobatus gigas,NA
1970,Lobatus gigas2,73,Lobatus gigas2,NA
1970,Lobatus gigas3,0.01,Lobatus gigas3,NA
1970,Lobatus gigas4,0.01,Lobatus gigas4,NA
1970,Lobatus gigas5,530,Lobatus gigas5,NA
1970,Lobatus gigas6,0.01,Lobatus gigas6,NA
1970,Lutjanus campechanus,2300,Lutjanus campechanus,NA
1970,Menticirrhus littoralis,1600,Menticirrhus littoralis,NA
1970,Mugil cephalus,700,Mugil cephalus,NA
1970,Octopus spp,1500,Octopus spp,NA
1970,Opisthonema oglinum,2600,Opisthonema oglinum,NA
1970,Panulirus argus,8400,Panulirus argus,NA
1970,Panulirus argus2,3900,Panulirus argus2,NA
1970,Panulirus argus3,6100,Panulirus argus3,NA
1970,Sardinella aurita,41400,Sardinella aurita,NA
1970,Thunnus atlanticus,3600,Thunnus atlanticus,NA
1971,Callinectes sapidus,0.01,Callinectes sapidus,NA
1971,Centropomus spp,4500,Centropomus spp,NA
1971,Coryphaena hippurus,1800,Coryphaena hippurus,NA
1971,Hirundichthys affinis,1400,Hirundichthys affinis,NA
1971,Holothuriidae,0.01,Holothuriidae,NA
1971,Lobatus gigas,750,Lobatus gigas,NA
1971,Lobatus gigas2,175,Lobatus gigas2,NA
1971,Lobatus gigas3,0.01,Lobatus gigas3,NA
1971,Lobatus gigas4,0.01,Lobatus gigas4,NA
1971,Lobatus gigas5,530,Lobatus gigas5,NA
1971,Lobatus gigas6,0.01,Lobatus gigas6,NA
1971,Lutjanus campechanus,2000,Lutjanus campechanus,NA
1971,Menticirrhus littoralis,1600,Menticirrhus littoralis,NA
1971,Mugil cephalus,1200,Mugil cephalus,NA
1971,Octopus spp,2200,Octopus spp,NA
1971,Opisthonema oglinum,5000,Opisthonema oglinum,NA
1971,Panulirus argus,9500,Panulirus argus,NA
1971,Panulirus argus2,3500,Panulirus argus2,NA
1971,Panulirus argus3,5500,Panulirus argus3,NA
1971,Sardinella aurita,44300,Sardinella aurita,NA
1971,Thunnus atlanticus,3400,Thunnus atlanticus,NA
1972,Callinectes sapidus,0.01,Callinectes sapidus,NA
1972,Centropomus spp,2900,Centropomus spp,NA
1972,Coryphaena hippurus,1700,Coryphaena hippurus,NA
1972,Hirundichthys affinis,1300,Hirundichthys affinis,NA
1972,Holothuriidae,0.01,Holothuriidae,NA
1972,Lobatus gigas,1500,Lobatus gigas,NA
1972,Lobatus gigas2,408,Lobatus gigas2,NA
1972,Lobatus gigas3,0.01,Lobatus gigas3,NA
1972,Lobatus gigas4,0.01,Lobatus gigas4,NA
1972,Lobatus gigas5,530,Lobatus gigas5,NA
1972,Lobatus gigas6,0.01,Lobatus gigas6,NA
1972,Lutjanus campechanus,2800,Lutjanus campechanus,NA
1972,Menticirrhus littoralis,1700,Menticirrhus littoralis,NA
1972,Mugil cephalus,1400,Mugil cephalus,NA
1972,Octopus spp,3700,Octopus spp,NA
1972,Opisthonema oglinum,10100,Opisthonema oglinum,NA
1972,Panulirus argus,9600,Panulirus argus,NA
1972,Panulirus argus2,2300,Panulirus argus2,NA
1972,Panulirus argus3,6900,Panulirus argus3,NA
1972,Sardinella aurita,45400,Sardinella aurita,NA
1972,Thunnus atlanticus,3000,Thunnus atlanticus,NA
1973,Callinectes sapidus,0.01,Callinectes sapidus,NA
1973,Centropomus spp,3700,Centropomus spp,NA
1973,Coryphaena hippurus,1500,Coryphaena hippurus,NA
1973,Hirundichthys affinis,1500,Hirundichthys affinis,NA
1973,Holothuriidae,0.01,Holothuriidae,NA
1973,Lobatus gigas,1500,Lobatus gigas,NA
1973,Lobatus gigas2,856,Lobatus gigas2,NA
1973,Lobatus gigas3,0.01,Lobatus gigas3,NA
1973,Lobatus gigas4,0.01,Lobatus gigas4,NA
1973,Lobatus gigas5,530,Lobatus gigas5,NA
1973,Lobatus gigas6,0.01,Lobatus gigas6,NA
1973,Lutjanus campechanus,2300,Lutjanus campechanus,NA
1973,Menticirrhus littoralis,1600,Menticirrhus littoralis,NA
1973,Mugil cephalus,1100,Mugil cephalus,NA
1973,Octopus spp,1900,Octopus spp,NA
1973,Opisthonema oglinum,1700,Opisthonema oglinum,NA
1973,Panulirus argus,9600,Panulirus argus,NA
1973,Panulirus argus2,2000,Panulirus argus2,NA
1973,Panulirus argus3,7600,Panulirus argus3,NA
1973,Sardinella aurita,47500,Sardinella aurita,NA
1973,Thunnus atlanticus,980,Thunnus atlanticus,NA
1974,Callinectes sapidus,0.01,Callinectes sapidus,NA
1974,Centropomus spp,2743,Centropomus spp,NA
1974,Coryphaena hippurus,1607,Coryphaena hippurus,NA
1974,Hirundichthys affinis,1450,Hirundichthys affinis,NA
1974,Holothuriidae,0.01,Holothuriidae,NA
1974,Lobatus gigas,1928,Lobatus gigas,NA
1974,Lobatus gigas2,990,Lobatus gigas2,NA
1974,Lobatus gigas3,0.01,Lobatus gigas3,NA
1974,Lobatus gigas4,0.01,Lobatus gigas4,NA
1974,Lobatus gigas5,1071,Lobatus gigas5,433.83
1974,Lobatus gigas6,0.01,Lobatus gigas6,NA
1974,Lutjanus campechanus,2112,Lutjanus campechanus,NA
1974,Menticirrhus littoralis,1167,Menticirrhus littoralis,NA
1974,Mugil cephalus,1128,Mugil cephalus,NA
1974,Octopus spp,3281,Octopus spp,NA
1974,Opisthonema oglinum,2018,Opisthonema oglinum,NA
1974,Panulirus argus,10550,Panulirus argus,NA
1974,Panulirus argus2,3605,Panulirus argus2,NA
1974,Panulirus argus3,7054,Panulirus argus3,NA
1974,Sardinella aurita,22835,Sardinella aurita,NA
1974,Thunnus atlanticus,1528,Thunnus atlanticus,NA
1975,Callinectes sapidus,0.01,Callinectes sapidus,NA
1975,Centropomus spp,2314,Centropomus spp,NA
1975,Coryphaena hippurus,2029,Coryphaena hippurus,NA
1975,Hirundichthys affinis,2263,Hirundichthys affinis,NA
1975,Holothuriidae,0.01,Holothuriidae,NA
1975,Lobatus gigas,2183,Lobatus gigas,NA
1975,Lobatus gigas2,1655,Lobatus gigas2,NA
1975,Lobatus gigas3,0.01,Lobatus gigas3,NA
1975,Lobatus gigas4,0.01,Lobatus gigas4,NA
1975,Lobatus gigas5,2671,Lobatus gigas5,NA
1975,Lobatus gigas6,0.01,Lobatus gigas6,NA
1975,Lutjanus campechanus,1937,Lutjanus campechanus,NA
1975,Menticirrhus littoralis,915,Menticirrhus littoralis,NA
1975,Mugil cephalus,1772,Mugil cephalus,26890
1975,Octopus spp,3529,Octopus spp,NA
1975,Opisthonema oglinum,3131,Opisthonema oglinum,NA
1975,Panulirus argus,9943,Panulirus argus,NA
1975,Panulirus argus2,5981,Panulirus argus2,NA
1975,Panulirus argus3,5312,Panulirus argus3,NA
1975,Sardinella aurita,47608,Sardinella aurita,NA
1975,Thunnus atlanticus,1182,Thunnus atlanticus,NA
1976,Callinectes sapidus,0.01,Callinectes sapidus,NA
1976,Centropomus spp,2434,Centropomus spp,NA
1976,Coryphaena hippurus,2354,Coryphaena hippurus,NA
1976,Hirundichthys affinis,2662,Hirundichthys affinis,NA
1976,Holothuriidae,0.01,Holothuriidae,NA
1976,Lobatus gigas,2115,Lobatus gigas,NA
1976,Lobatus gigas2,1398,Lobatus gigas2,NA
1976,Lobatus gigas3,0.01,Lobatus gigas3,NA
1976,Lobatus gigas4,0.01,Lobatus gigas4,NA
1976,Lobatus gigas5,3445,Lobatus gigas5,368.77
1976,Lobatus gigas6,0.01,Lobatus gigas6,NA
1976,Lutjanus campechanus,1498,Lutjanus campechanus,NA
1976,Menticirrhus littoralis,771,Menticirrhus littoralis,NA
1976,Mugil cephalus,1451,Mugil cephalus,26734
1976,Octopus spp,4487,Octopus spp,NA
1976,Opisthonema oglinum,8051,Opisthonema oglinum,NA
1976,Panulirus argus,11241,Panulirus argus,NA
1976,Panulirus argus2,5806,Panulirus argus2,NA
1976,Panulirus argus3,4535,Panulirus argus3,NA
1976,Sardinella aurita,36733,Sardinella aurita,NA
1976,Thunnus atlanticus,1740,Thunnus atlanticus,NA
1977,Callinectes sapidus,0.01,Callinectes sapidus,NA
1977,Centropomus spp,2351,Centropomus spp,NA
1977,Coryphaena hippurus,2323,Coryphaena hippurus,NA
1977,Hirundichthys affinis,2193,Hirundichthys affinis,NA
1977,Holothuriidae,0.01,Holothuriidae,NA
1977,Lobatus gigas,1830,Lobatus gigas,NA
1977,Lobatus gigas2,885,Lobatus gigas2,NA
1977,Lobatus gigas3,0.01,Lobatus gigas3,NA
1977,Lobatus gigas4,0.01,Lobatus gigas4,NA
1977,Lobatus gigas5,1871,Lobatus gigas5,513.72
1977,Lobatus gigas6,0.01,Lobatus gigas6,NA
1977,Lutjanus campechanus,1885,Lutjanus campechanus,NA
1977,Menticirrhus littoralis,660,Menticirrhus littoralis,NA
1977,Mugil cephalus,1679,Mugil cephalus,26499
1977,Octopus spp,6162,Octopus spp,NA
1977,Opisthonema oglinum,2038,Opisthonema oglinum,NA
1977,Panulirus argus,8320,Panulirus argus,NA
1977,Panulirus argus2,6246,Panulirus argus2,NA
1977,Panulirus argus3,5216,Panulirus argus3,NA
1977,Sardinella aurita,35752,Sardinella aurita,NA
1977,Thunnus atlanticus,1808,Thunnus atlanticus,NA
1978,Callinectes sapidus,0.01,Callinectes sapidus,NA
1978,Centropomus spp,2178,Centropomus spp,NA
1978,Coryphaena hippurus,2215,Coryphaena hippurus,NA
1978,Hirundichthys affinis,2655,Hirundichthys affinis,NA
1978,Holothuriidae,0.01,Holothuriidae,NA
1978,Lobatus gigas,1560,Lobatus gigas,NA
1978,Lobatus gigas2,402,Lobatus gigas2,NA
1978,Lobatus gigas3,0.01,Lobatus gigas3,NA
1978,Lobatus gigas4,0.01,Lobatus gigas4,NA
1978,Lobatus gigas5,3058,Lobatus gigas5,385.9
1978,Lobatus gigas6,0.01,Lobatus gigas6,NA
1978,Lutjanus campechanus,1845,Lutjanus campechanus,NA
1978,Menticirrhus littoralis,455,Menticirrhus littoralis,NA
1978,Mugil cephalus,2097,Mugil cephalus,26106
1978,Octopus spp,2344,Octopus spp,NA
1978,Opisthonema oglinum,676,Opisthonema oglinum,NA
1978,Panulirus argus,11516,Panulirus argus,NA
1978,Panulirus argus2,7388,Panulirus argus2,NA
1978,Panulirus argus3,4810,Panulirus argus3,NA
1978,Sardinella aurita,26153,Sardinella aurita,NA
1978,Thunnus atlanticus,2076,Thunnus atlanticus,NA
1979,Callinectes sapidus,0.01,Callinectes sapidus,NA
1979,Centropomus spp,4132,Centropomus spp,NA
1979,Coryphaena hippurus,2349,Coryphaena hippurus,NA
1979,Hirundichthys affinis,2383,Hirundichthys affinis,NA
1979,Holothuriidae,0.01,Holothuriidae,NA
1979,Lobatus gigas,2003,Lobatus gigas,NA
1979,Lobatus gigas2,893,Lobatus gigas2,NA
1979,Lobatus gigas3,0.01,Lobatus gigas3,NA
1979,Lobatus gigas4,0.01,Lobatus gigas4,NA
1979,Lobatus gigas5,4039,Lobatus gigas5,310.63
1979,Lobatus gigas6,0.01,Lobatus gigas6,NA
1979,Lutjanus campechanus,1759,Lutjanus campechanus,NA
1979,Menticirrhus littoralis,202,Menticirrhus littoralis,NA
1979,Mugil cephalus,2048,Mugil cephalus,25633
1979,Octopus spp,6558,Octopus spp,NA
1979,Opisthonema oglinum,328,Opisthonema oglinum,NA
1979,Panulirus argus,12082,Panulirus argus,NA
1979,Panulirus argus2,7151,Panulirus argus2,NA
1979,Panulirus argus3,5777,Panulirus argus3,NA
1979,Sardinella aurita,37047,Sardinella aurita,NA
1979,Thunnus atlanticus,1802,Thunnus atlanticus,NA
1980,Callinectes sapidus,0.01,Callinectes sapidus,NA
1980,Centropomus spp,4237,Centropomus spp,NA
1980,Coryphaena hippurus,1943,Coryphaena hippurus,NA
1980,Hirundichthys affinis,1181,Hirundichthys affinis,NA
1980,Holothuriidae,0.01,Holothuriidae,NA
1980,Lobatus gigas,2415,Lobatus gigas,NA
1980,Lobatus gigas2,750,Lobatus gigas2,NA
1980,Lobatus gigas3,0.01,Lobatus gigas3,NA
1980,Lobatus gigas4,0.01,Lobatus gigas4,NA
1980,Lobatus gigas5,2968,Lobatus gigas5,350.4
1980,Lobatus gigas6,44,Lobatus gigas6,NA
1980,Lutjanus campechanus,1238,Lutjanus campechanus,NA
1980,Menticirrhus littoralis,128,Menticirrhus littoralis,NA
1980,Mugil cephalus,3955,Mugil cephalus,25160
1980,Octopus spp,6444,Octopus spp,NA
1980,Opisthonema oglinum,2556,Opisthonema oglinum,NA
1980,Panulirus argus,11486,Panulirus argus,NA
1980,Panulirus argus2,5255,Panulirus argus2,NA
1980,Panulirus argus3,6183,Panulirus argus3,NA
1980,Sardinella aurita,51764,Sardinella aurita,NA
1980,Thunnus atlanticus,1915,Thunnus atlanticus,NA
1981,Callinectes sapidus,0.01,Callinectes sapidus,NA
1981,Centropomus spp,5311,Centropomus spp,NA
1981,Coryphaena hippurus,6394,Coryphaena hippurus,NA
1981,Hirundichthys affinis,2117,Hirundichthys affinis,NA
1981,Holothuriidae,0.01,Holothuriidae,NA
1981,Lobatus gigas,3750,Lobatus gigas,NA
1981,Lobatus gigas2,600,Lobatus gigas2,NA
1981,Lobatus gigas3,0.01,Lobatus gigas3,NA
1981,Lobatus gigas4,0.01,Lobatus gigas4,NA
1981,Lobatus gigas5,2020,Lobatus gigas5,386.93
1981,Lobatus gigas6,35,Lobatus gigas6,NA
1981,Lutjanus campechanus,1422,Lutjanus campechanus,NA
1981,Menticirrhus littoralis,2444,Menticirrhus littoralis,NA
1981,Mugil cephalus,2893,Mugil cephalus,23894
1981,Octopus spp,6868,Octopus spp,NA
1981,Opisthonema oglinum,661,Opisthonema oglinum,NA
1981,Panulirus argus,12389,Panulirus argus,NA
1981,Panulirus argus2,4797,Panulirus argus2,NA
1981,Panulirus argus3,4822,Panulirus argus3,NA
1981,Sardinella aurita,27974,Sardinella aurita,NA
1981,Thunnus atlanticus,2811,Thunnus atlanticus,NA
1982,Callinectes sapidus,0.01,Callinectes sapidus,NA
1982,Centropomus spp,6070,Centropomus spp,NA
1982,Coryphaena hippurus,7355,Coryphaena hippurus,NA
1982,Hirundichthys affinis,2201,Hirundichthys affinis,NA
1982,Holothuriidae,0.01,Holothuriidae,NA
1982,Lobatus gigas,3510,Lobatus gigas,NA
1982,Lobatus gigas2,430,Lobatus gigas2,NA
1982,Lobatus gigas3,0.01,Lobatus gigas3,NA
1982,Lobatus gigas4,0.01,Lobatus gigas4,NA
1982,Lobatus gigas5,2062,Lobatus gigas5,255.83
1982,Lobatus gigas6,0,Lobatus gigas6,NA
1982,Lutjanus campechanus,1971,Lutjanus campechanus,NA
1982,Menticirrhus littoralis,630,Menticirrhus littoralis,NA
1982,Mugil cephalus,2508,Mugil cephalus,23262
1982,Octopus spp,6364,Octopus spp,NA
1982,Opisthonema oglinum,177,Opisthonema oglinum,NA
1982,Panulirus argus,12810,Panulirus argus,NA
1982,Panulirus argus2,3919,Panulirus argus2,NA
1982,Panulirus argus3,5484,Panulirus argus3,NA
1982,Sardinella aurita,52521,Sardinella aurita,NA
1982,Thunnus atlanticus,2995,Thunnus atlanticus,NA
1983,Callinectes sapidus,0.01,Callinectes sapidus,NA
1983,Centropomus spp,5174,Centropomus spp,NA
1983,Coryphaena hippurus,7948,Coryphaena hippurus,NA
1983,Hirundichthys affinis,4276,Hirundichthys affinis,NA
1983,Holothuriidae,0.01,Holothuriidae,NA
1983,Lobatus gigas,3825,Lobatus gigas,NA
1983,Lobatus gigas2,681,Lobatus gigas2,NA
1983,Lobatus gigas3,0.01,Lobatus gigas3,NA
1983,Lobatus gigas4,0.01,Lobatus gigas4,NA
1983,Lobatus gigas5,3366,Lobatus gigas5,298.91
1983,Lobatus gigas6,7,Lobatus gigas6,NA
1983,Lutjanus campechanus,2578,Lutjanus campechanus,NA
1983,Menticirrhus littoralis,1371,Menticirrhus littoralis,NA
1983,Mugil cephalus,4570,Mugil cephalus,22948
1983,Octopus spp,8553,Octopus spp,NA
1983,Opisthonema oglinum,1458,Opisthonema oglinum,NA
1983,Panulirus argus,12312,Panulirus argus,430
1983,Panulirus argus2,7152,Panulirus argus2,NA
1983,Panulirus argus3,5162,Panulirus argus3,NA
1983,Sardinella aurita,41078,Sardinella aurita,NA
1983,Thunnus atlanticus,2900,Thunnus atlanticus,NA
1984,Callinectes sapidus,2823,Callinectes sapidus,38.1
1984,Centropomus spp,4293,Centropomus spp,NA
1984,Coryphaena hippurus,5849,Coryphaena hippurus,NA
1984,Hirundichthys affinis,4486,Hirundichthys affinis,NA
1984,Holothuriidae,0.01,Holothuriidae,NA
1984,Lobatus gigas,3555,Lobatus gigas,NA
1984,Lobatus gigas2,525,Lobatus gigas2,NA
1984,Lobatus gigas3,0.01,Lobatus gigas3,NA
1984,Lobatus gigas4,0.01,Lobatus gigas4,NA
1984,Lobatus gigas5,2878,Lobatus gigas5,NA
1984,Lobatus gigas6,37,Lobatus gigas6,NA
1984,Lutjanus campechanus,3448,Lutjanus campechanus,30416.7
1984,Menticirrhus littoralis,1960,Menticirrhus littoralis,NA
1984,Mugil cephalus,5817,Mugil cephalus,22634
1984,Octopus spp,5769,Octopus spp,NA
1984,Opisthonema oglinum,1644,Opisthonema oglinum,NA
1984,Panulirus argus,13770,Panulirus argus,420
1984,Panulirus argus2,6645,Panulirus argus2,NA
1984,Panulirus argus3,6194,Panulirus argus3,NA
1984,Sardinella aurita,48455,Sardinella aurita,NA
1984,Thunnus atlanticus,3188,Thunnus atlanticus,NA
1985,Callinectes sapidus,3597,Callinectes sapidus,46.1
1985,Centropomus spp,4493,Centropomus spp,NA
1985,Coryphaena hippurus,6724,Coryphaena hippurus,NA
1985,Hirundichthys affinis,2066,Hirundichthys affinis,NA
1985,Holothuriidae,0.01,Holothuriidae,NA
1985,Lobatus gigas,4058,Lobatus gigas,NA
1985,Lobatus gigas2,801,Lobatus gigas2,NA
1985,Lobatus gigas3,0.01,Lobatus gigas3,NA
1985,Lobatus gigas4,0.01,Lobatus gigas4,NA
1985,Lobatus gigas5,4017,Lobatus gigas5,NA
1985,Lobatus gigas6,26,Lobatus gigas6,NA
1985,Lutjanus campechanus,3303,Lutjanus campechanus,27905.9
1985,Menticirrhus littoralis,1171,Menticirrhus littoralis,NA
1985,Mugil cephalus,4234,Mugil cephalus,22320
1985,Octopus spp,6374,Octopus spp,NA
1985,Opisthonema oglinum,1751,Opisthonema oglinum,NA
1985,Panulirus argus,15475,Panulirus argus,414
1985,Panulirus argus2,7109,Panulirus argus2,NA
1985,Panulirus argus3,7459,Panulirus argus3,NA
1985,Sardinella aurita,53795,Sardinella aurita,NA
1985,Thunnus atlanticus,2269,Thunnus atlanticus,NA
1986,Callinectes sapidus,5105,Callinectes sapidus,42.9
1986,Centropomus spp,3786,Centropomus spp,0.11883111
1986,Coryphaena hippurus,7579,Coryphaena hippurus,NA
1986,Hirundichthys affinis,2795,Hirundichthys affinis,NA
1986,Holothuriidae,0.01,Holothuriidae,NA
1986,Lobatus gigas,3173,Lobatus gigas,NA
1986,Lobatus gigas2,1011,Lobatus gigas2,NA
1986,Lobatus gigas3,0.01,Lobatus gigas3,NA
1986,Lobatus gigas4,0.01,Lobatus gigas4,NA
1986,Lobatus gigas5,4791,Lobatus gigas5,309.78
1986,Lobatus gigas6,19,Lobatus gigas6,2.4
1986,Lutjanus campechanus,3901,Lutjanus campechanus,25603.4
1986,Menticirrhus littoralis,5992,Menticirrhus littoralis,NA
1986,Mugil cephalus,5250,Mugil cephalus,22084
1986,Octopus spp,9337,Octopus spp,NA
1986,Opisthonema oglinum,374,Opisthonema oglinum,NA
1986,Panulirus argus,14319,Panulirus argus,426
1986,Panulirus argus2,8011,Panulirus argus2,NA
1986,Panulirus argus3,6110,Panulirus argus3,NA
1986,Sardinella aurita,79894,Sardinella aurita,NA
1986,Thunnus atlanticus,11592,Thunnus atlanticus,NA
1987,Callinectes sapidus,2781,Callinectes sapidus,29.2
1987,Centropomus spp,3260,Centropomus spp,0.123270385
1987,Coryphaena hippurus,6949,Coryphaena hippurus,NA
1987,Hirundichthys affinis,2592,Hirundichthys affinis,NA
1987,Holothuriidae,0.01,Holothuriidae,NA
1987,Lobatus gigas,3953,Lobatus gigas,NA
1987,Lobatus gigas2,739,Lobatus gigas2,NA
1987,Lobatus gigas3,0.01,Lobatus gigas3,NA
1987,Lobatus gigas4,0.01,Lobatus gigas4,NA
1987,Lobatus gigas5,2088,Lobatus gigas5,310.12
1987,Lobatus gigas6,14,Lobatus gigas6,NA
1987,Lutjanus campechanus,4639,Lutjanus campechanus,24342.2
1987,Menticirrhus littoralis,286,Menticirrhus littoralis,NA
1987,Mugil cephalus,6827,Mugil cephalus,21215
1987,Octopus spp,8136,Octopus spp,NA
1987,Opisthonema oglinum,759,Opisthonema oglinum,NA
1987,Panulirus argus,14852,Panulirus argus,484
1987,Panulirus argus2,7529,Panulirus argus2,NA
1987,Panulirus argus3,6954,Panulirus argus3,NA
1987,Sardinella aurita,82759,Sardinella aurita,NA
1987,Thunnus atlanticus,4841,Thunnus atlanticus,NA
1988,Callinectes sapidus,2777,Callinectes sapidus,25
1988,Centropomus spp,3209,Centropomus spp,0.1577966
1988,Coryphaena hippurus,5223,Coryphaena hippurus,NA
1988,Hirundichthys affinis,5971,Hirundichthys affinis,161.6
1988,Holothuriidae,0.01,Holothuriidae,NA
1988,Lobatus gigas,3735,Lobatus gigas,149.5
1988,Lobatus gigas2,682,Lobatus gigas2,NA
1988,Lobatus gigas3,4500,Lobatus gigas3,NA
1988,Lobatus gigas4,70,Lobatus gigas4,NA
1988,Lobatus gigas5,3143,Lobatus gigas5,294.06
1988,Lobatus gigas6,18,Lobatus gigas6,NA
1988,Lutjanus campechanus,3663,Lutjanus campechanus,22039.7
1988,Menticirrhus littoralis,474,Menticirrhus littoralis,NA
1988,Mugil cephalus,6365,Mugil cephalus,19314
1988,Octopus spp,7574,Octopus spp,NA
1988,Opisthonema oglinum,1326,Opisthonema oglinum,NA
1988,Panulirus argus,13350,Panulirus argus,581
1988,Panulirus argus2,7638,Panulirus argus2,NA
1988,Panulirus argus3,7701,Panulirus argus3,NA
1988,Sardinella aurita,59275,Sardinella aurita,8e+05
1988,Thunnus atlanticus,3626,Thunnus atlanticus,NA
1989,Callinectes sapidus,2353,Callinectes sapidus,35
1989,Centropomus spp,2847,Centropomus spp,0.08953174
1989,Coryphaena hippurus,14188,Coryphaena hippurus,NA
1989,Hirundichthys affinis,1532,Hirundichthys affinis,98.7
1989,Holothuriidae,0.01,Holothuriidae,NA
1989,Lobatus gigas,1935,Lobatus gigas,110.8
1989,Lobatus gigas2,664,Lobatus gigas2,NA
1989,Lobatus gigas3,5250,Lobatus gigas3,0.156
1989,Lobatus gigas4,188,Lobatus gigas4,NA
1989,Lobatus gigas5,3360,Lobatus gigas5,241.82
1989,Lobatus gigas6,28,Lobatus gigas6,NA
1989,Lutjanus campechanus,3296,Lutjanus campechanus,20153.9
1989,Menticirrhus littoralis,489,Menticirrhus littoralis,NA
1989,Mugil cephalus,7827,Mugil cephalus,16938
1989,Octopus spp,12115,Octopus spp,NA
1989,Opisthonema oglinum,3413,Opisthonema oglinum,NA
1989,Panulirus argus,14052,Panulirus argus,656
1989,Panulirus argus2,7301,Panulirus argus2,6.58
1989,Panulirus argus3,8840,Panulirus argus3,NA
1989,Sardinella aurita,69191,Sardinella aurita,NA
1989,Thunnus atlanticus,3745,Thunnus atlanticus,38.89
1990,Callinectes sapidus,3189,Callinectes sapidus,29
1990,Centropomus spp,1825,Centropomus spp,0.06639886
1990,Coryphaena hippurus,13223,Coryphaena hippurus,NA
1990,Hirundichthys affinis,1781,Hirundichthys affinis,91.2
1990,Holothuriidae,0.01,Holothuriidae,NA
1990,Lobatus gigas,2513,Lobatus gigas,130.1
1990,Lobatus gigas2,272,Lobatus gigas2,NA
1990,Lobatus gigas3,6000,Lobatus gigas3,0.133
1990,Lobatus gigas4,306,Lobatus gigas4,NA
1990,Lobatus gigas5,2258,Lobatus gigas5,344.04
1990,Lobatus gigas6,42,Lobatus gigas6,NA
1990,Lutjanus campechanus,5160,Lutjanus campechanus,18684.4
1990,Menticirrhus littoralis,1244,Menticirrhus littoralis,NA
1990,Mugil cephalus,7479,Mugil cephalus,15354
1990,Octopus spp,15385,Octopus spp,NA
1990,Opisthonema oglinum,4295,Opisthonema oglinum,NA
1990,Panulirus argus,11276,Panulirus argus,672
1990,Panulirus argus2,6416,Panulirus argus2,6.87
1990,Panulirus argus3,8624,Panulirus argus3,NA
1990,Sardinella aurita,56949,Sardinella aurita,NA
1990,Thunnus atlanticus,4886,Thunnus atlanticus,1333.33
1991,Callinectes sapidus,2580,Callinectes sapidus,28.9
1991,Centropomus spp,2019,Centropomus spp,0.07234388
1991,Coryphaena hippurus,16100,Coryphaena hippurus,NA
1991,Hirundichthys affinis,1221,Hirundichthys affinis,87.9
1991,Holothuriidae,0.01,Holothuriidae,NA
1991,Lobatus gigas,3068,Lobatus gigas,128.8
1991,Lobatus gigas2,145,Lobatus gigas2,NA
1991,Lobatus gigas3,7500,Lobatus gigas3,NA
1991,Lobatus gigas4,424,Lobatus gigas4,NA
1991,Lobatus gigas5,2687,Lobatus gigas5,354.23
1991,Lobatus gigas6,56,Lobatus gigas6,NA
1991,Lutjanus campechanus,4999,Lutjanus campechanus,17214.9
1991,Menticirrhus littoralis,1035,Menticirrhus littoralis,0.0039
1991,Mugil cephalus,6380,Mugil cephalus,14881
1991,Octopus spp,15341,Octopus spp,NA
1991,Opisthonema oglinum,3243,Opisthonema oglinum,NA
1991,Panulirus argus,12335,Panulirus argus,697
1991,Panulirus argus2,7364,Panulirus argus2,6.27
1991,Panulirus argus3,10755,Panulirus argus3,NA
1991,Sardinella aurita,75182,Sardinella aurita,NA
1991,Thunnus atlanticus,5598,Thunnus atlanticus,694.44
1992,Callinectes sapidus,2243,Callinectes sapidus,25.5
1992,Centropomus spp,2839,Centropomus spp,0.08631126
1992,Coryphaena hippurus,11885,Coryphaena hippurus,47.02
1992,Hirundichthys affinis,1635,Hirundichthys affinis,125.7
1992,Holothuriidae,0.01,Holothuriidae,NA
1992,Lobatus gigas,2685,Lobatus gigas,124.9
1992,Lobatus gigas2,157,Lobatus gigas2,NA
1992,Lobatus gigas3,11250,Lobatus gigas3,0.092
1992,Lobatus gigas4,542,Lobatus gigas4,1.03
1992,Lobatus gigas5,2327,Lobatus gigas5,426.88
1992,Lobatus gigas6,120,Lobatus gigas6,NA
1992,Lutjanus campechanus,6741,Lutjanus campechanus,16371.1
1992,Menticirrhus littoralis,368,Menticirrhus littoralis,0.0032
1992,Mugil cephalus,6573,Mugil cephalus,15043
1992,Octopus spp,16296,Octopus spp,NA
1992,Opisthonema oglinum,3688,Opisthonema oglinum,2619.1
1992,Panulirus argus,11755,Panulirus argus,677
1992,Panulirus argus2,8221,Panulirus argus2,5.14
1992,Panulirus argus3,10400,Panulirus argus3,51.82
1992,Sardinella aurita,80079,Sardinella aurita,NA
1992,Thunnus atlanticus,5749,Thunnus atlanticus,161.11
1993,Callinectes sapidus,3940,Callinectes sapidus,32.8
1993,Centropomus spp,2975,Centropomus spp,0.060166873
1993,Coryphaena hippurus,9008,Coryphaena hippurus,50.37
1993,Hirundichthys affinis,2114,Hirundichthys affinis,160.2
1993,Holothuriidae,0.01,Holothuriidae,NA
1993,Lobatus gigas,3953,Lobatus gigas,155.1
1993,Lobatus gigas2,288,Lobatus gigas2,NA
1993,Lobatus gigas3,15000,Lobatus gigas3,0.106
1993,Lobatus gigas4,660,Lobatus gigas4,1.1
1993,Lobatus gigas5,3911,Lobatus gigas5,473.25
1993,Lobatus gigas6,180,Lobatus gigas6,NA
1993,Lutjanus campechanus,7198,Lutjanus campechanus,15317.9
1993,Menticirrhus littoralis,362,Menticirrhus littoralis,0.0101
1993,Mugil cephalus,6295,Mugil cephalus,15364
1993,Octopus spp,15790,Octopus spp,NA
1993,Opisthonema oglinum,5360,Opisthonema oglinum,1967.2
1993,Panulirus argus,11529,Panulirus argus,723
1993,Panulirus argus2,6842,Panulirus argus2,7.15
1993,Panulirus argus3,10809,Panulirus argus3,61
1993,Sardinella aurita,85751,Sardinella aurita,NA
1993,Thunnus atlanticus,4941,Thunnus atlanticus,133.33
1994,Callinectes sapidus,6072,Callinectes sapidus,34.5
1994,Centropomus spp,2942,Centropomus spp,0.057589706
1994,Coryphaena hippurus,10555,Coryphaena hippurus,57.23
1994,Hirundichthys affinis,1803,Hirundichthys affinis,85.5
1994,Holothuriidae,0.01,Holothuriidae,NA
1994,Lobatus gigas,5198,Lobatus gigas,155.8
1994,Lobatus gigas2,240,Lobatus gigas2,11652
1994,Lobatus gigas3,17250,Lobatus gigas3,0.09
1994,Lobatus gigas4,713,Lobatus gigas4,1.07
1994,Lobatus gigas5,3705,Lobatus gigas5,486.73
1994,Lobatus gigas6,250,Lobatus gigas6,0.98
1994,Lutjanus campechanus,4903,Lutjanus campechanus,15099.1
1994,Menticirrhus littoralis,1319,Menticirrhus littoralis,0.0126
1994,Mugil cephalus,6016,Mugil cephalus,16001
1994,Octopus spp,16817,Octopus spp,NA
1994,Opisthonema oglinum,2583,Opisthonema oglinum,2173.9
1994,Panulirus argus,13045,Panulirus argus,762
1994,Panulirus argus2,7777,Panulirus argus2,6.39
1994,Panulirus argus3,11419,Panulirus argus3,76.79
1994,Sardinella aurita,112540,Sardinella aurita,NA
1994,Thunnus atlanticus,4115,Thunnus atlanticus,194.44
1995,Callinectes sapidus,5551,Callinectes sapidus,23.3
1995,Centropomus spp,4009,Centropomus spp,0.05701657
1995,Coryphaena hippurus,15270,Coryphaena hippurus,67.77
1995,Hirundichthys affinis,1943,Hirundichthys affinis,69.9
1995,Holothuriidae,0.01,Holothuriidae,NA
1995,Lobatus gigas,3705,Lobatus gigas,163.5
1995,Lobatus gigas2,239,Lobatus gigas2,NA
1995,Lobatus gigas3,15998,Lobatus gigas3,0.113
1995,Lobatus gigas4,1334,Lobatus gigas4,0.77
1995,Lobatus gigas5,5051,Lobatus gigas5,467.33
1995,Lobatus gigas6,320,Lobatus gigas6,1
1995,Lutjanus campechanus,4714,Lutjanus campechanus,14462.6
1995,Menticirrhus littoralis,1378,Menticirrhus littoralis,0.0215
1995,Mugil cephalus,7636,Mugil cephalus,16004
1995,Octopus spp,18958,Octopus spp,26533.115
1995,Opisthonema oglinum,1098,Opisthonema oglinum,2200.6
1995,Panulirus argus,12443,Panulirus argus,791
1995,Panulirus argus2,7725,Panulirus argus2,7.37
1995,Panulirus argus3,11312,Panulirus argus3,71.27
1995,Sardinella aurita,153037,Sardinella aurita,941000
1995,Thunnus atlanticus,5196,Thunnus atlanticus,194.44
1996,Callinectes sapidus,4591,Callinectes sapidus,7.9
1996,Centropomus spp,4268,Centropomus spp,0.07248658
1996,Coryphaena hippurus,10835,Coryphaena hippurus,55
1996,Hirundichthys affinis,2276,Hirundichthys affinis,86
1996,Holothuriidae,0.01,Holothuriidae,NA
1996,Lobatus gigas,4418,Lobatus gigas,160.2
1996,Lobatus gigas2,249,Lobatus gigas2,NA
1996,Lobatus gigas3,10740,Lobatus gigas3,0.085
1996,Lobatus gigas4,792,Lobatus gigas4,0.85
1996,Lobatus gigas5,5104,Lobatus gigas5,461.13
1996,Lobatus gigas6,390,Lobatus gigas6,0.9
1996,Lutjanus campechanus,4555,Lutjanus campechanus,14035.1
1996,Menticirrhus littoralis,1202,Menticirrhus littoralis,0.0236
1996,Mugil cephalus,7882,Mugil cephalus,14976
1996,Octopus spp,28572,Octopus spp,28153.307
1996,Opisthonema oglinum,1724,Opisthonema oglinum,3321.5
1996,Panulirus argus,12306,Panulirus argus,771
1996,Panulirus argus2,10556,Panulirus argus2,4.2
1996,Panulirus argus3,11817,Panulirus argus3,81.92
1996,Sardinella aurita,153782,Sardinella aurita,701234
1996,Thunnus atlanticus,4375,Thunnus atlanticus,1105.56
1997,Callinectes sapidus,5340,Callinectes sapidus,11.6
1997,Centropomus spp,4447,Centropomus spp,0.061382547
1997,Coryphaena hippurus,19234,Coryphaena hippurus,61.22
1997,Hirundichthys affinis,1736,Hirundichthys affinis,74.6
1997,Holothuriidae,0.01,Holothuriidae,NA
1997,Lobatus gigas,4860,Lobatus gigas,153.1
1997,Lobatus gigas2,314,Lobatus gigas2,9781
1997,Lobatus gigas3,13658,Lobatus gigas3,0.007
1997,Lobatus gigas4,1123,Lobatus gigas4,0.77
1997,Lobatus gigas5,3905,Lobatus gigas5,458.22
1997,Lobatus gigas6,460,Lobatus gigas6,0.89
1997,Lutjanus campechanus,4219,Lutjanus campechanus,13608.3
1997,Menticirrhus littoralis,1379,Menticirrhus littoralis,0.0347
1997,Mugil cephalus,7128,Mugil cephalus,13789
1997,Octopus spp,17776,Octopus spp,25329.867
1997,Opisthonema oglinum,1888,Opisthonema oglinum,2420.3
1997,Panulirus argus,12344,Panulirus argus,747
1997,Panulirus argus2,9298,Panulirus argus2,6.55
1997,Panulirus argus3,11205,Panulirus argus3,77.12
1997,Sardinella aurita,140571,Sardinella aurita,739571
1997,Thunnus atlanticus,2441,Thunnus atlanticus,988.89
1998,Callinectes sapidus,4180,Callinectes sapidus,NA
1998,Centropomus spp,4007,Centropomus spp,0.0718417
1998,Coryphaena hippurus,11008,Coryphaena hippurus,50.53
1998,Hirundichthys affinis,2970,Hirundichthys affinis,101.1
1998,Holothuriidae,0.01,Holothuriidae,NA
1998,Lobatus gigas,5025,Lobatus gigas,154.4
1998,Lobatus gigas2,233,Lobatus gigas2,NA
1998,Lobatus gigas3,12750,Lobatus gigas3,0.009
1998,Lobatus gigas4,1804,Lobatus gigas4,0.74
1998,Lobatus gigas5,3905,Lobatus gigas5,507.86
1998,Lobatus gigas6,530,Lobatus gigas6,0.86
1998,Lutjanus campechanus,3392,Lutjanus campechanus,12555.1
1998,Menticirrhus littoralis,1862,Menticirrhus littoralis,0.0307
1998,Mugil cephalus,4299,Mugil cephalus,13555
1998,Octopus spp,16478,Octopus spp,24611.654
1998,Opisthonema oglinum,1624,Opisthonema oglinum,2668.6
1998,Panulirus argus,12378,Panulirus argus,736
1998,Panulirus argus2,8669,Panulirus argus2,NA
1998,Panulirus argus3,10428,Panulirus argus3,78.58
1998,Sardinella aurita,186060,Sardinella aurita,787613
1998,Thunnus atlanticus,3834,Thunnus atlanticus,905.56
1999,Callinectes sapidus,4041,Callinectes sapidus,NA
1999,Centropomus spp,4540,Centropomus spp,0.066257715
1999,Coryphaena hippurus,14071,Coryphaena hippurus,55
1999,Hirundichthys affinis,2265,Hirundichthys affinis,95.9
1999,Holothuriidae,0.01,Holothuriidae,NA
1999,Lobatus gigas,3540,Lobatus gigas,179.5
1999,Lobatus gigas2,223,Lobatus gigas2,NA
1999,Lobatus gigas3,10245,Lobatus gigas3,0.006
1999,Lobatus gigas4,1804,Lobatus gigas4,0.71
1999,Lobatus gigas5,4175,Lobatus gigas5,504.91
1999,Lobatus gigas6,600,Lobatus gigas6,0.9
1999,Lutjanus campechanus,3445,Lutjanus campechanus,11501.9
1999,Menticirrhus littoralis,3054,Menticirrhus littoralis,0.0382
1999,Mugil cephalus,4872,Mugil cephalus,14668
1999,Octopus spp,19081,Octopus spp,25997.932
1999,Opisthonema oglinum,1472,Opisthonema oglinum,2210.6
1999,Panulirus argus,13228,Panulirus argus,719
1999,Panulirus argus2,11443,Panulirus argus2,6.02
1999,Panulirus argus3,11978,Panulirus argus3,83.71
1999,Sardinella aurita,126468,Sardinella aurita,NA
1999,Thunnus atlanticus,4079,Thunnus atlanticus,27.78
2000,Callinectes sapidus,4994,Callinectes sapidus,NA
2000,Centropomus spp,4163,Centropomus spp,0.13136604
2000,Coryphaena hippurus,13832,Coryphaena hippurus,48.14
2000,Hirundichthys affinis,2171,Hirundichthys affinis,95
2000,Holothuriidae,0.01,Holothuriidae,NA
2000,Lobatus gigas,5003,Lobatus gigas,179.4
2000,Lobatus gigas2,225,Lobatus gigas2,NA
2000,Lobatus gigas3,0,Lobatus gigas3,NA
2000,Lobatus gigas4,3010,Lobatus gigas4,0.54
2000,Lobatus gigas5,3421,Lobatus gigas5,515.15
2000,Lobatus gigas6,670,Lobatus gigas6,0.76
2000,Lutjanus campechanus,2726,Lutjanus campechanus,11075.2
2000,Menticirrhus littoralis,2628,Menticirrhus littoralis,0.0179
2000,Mugil cephalus,5190,Mugil cephalus,14275
2000,Octopus spp,22463,Octopus spp,25981.459
2000,Opisthonema oglinum,1243,Opisthonema oglinum,2140.2
2000,Panulirus argus,11516,Panulirus argus,695
2000,Panulirus argus2,10908,Panulirus argus2,4.95
2000,Panulirus argus3,11825,Panulirus argus3,63.85
2000,Sardinella aurita,73534,Sardinella aurita,NA
2000,Thunnus atlanticus,2880,Thunnus atlanticus,138.89
2001,Callinectes sapidus,4001,Callinectes sapidus,NA
2001,Centropomus spp,5360,Centropomus spp,0.030201342
2001,Coryphaena hippurus,13489,Coryphaena hippurus,51.65
2001,Hirundichthys affinis,2197,Hirundichthys affinis,89.3
2001,Holothuriidae,0.01,Holothuriidae,NA
2001,Lobatus gigas,4958,Lobatus gigas,200.7
2001,Lobatus gigas2,201,Lobatus gigas2,NA
2001,Lobatus gigas3,9120,Lobatus gigas3,0.015
2001,Lobatus gigas4,2892,Lobatus gigas4,0.48
2001,Lobatus gigas5,3904,Lobatus gigas5,462.88
2001,Lobatus gigas6,740,Lobatus gigas6,0.91
2001,Lutjanus campechanus,2717,Lutjanus campechanus,11063.7
2001,Menticirrhus littoralis,3001,Menticirrhus littoralis,0.0228
2001,Mugil cephalus,4838,Mugil cephalus,12691
2001,Octopus spp,20596,Octopus spp,24561.87
2001,Opisthonema oglinum,991,Opisthonema oglinum,2582.5
2001,Panulirus argus,10575,Panulirus argus,666
2001,Panulirus argus2,8516,Panulirus argus2,6.46
2001,Panulirus argus3,8879,Panulirus argus3,49.13
2001,Sardinella aurita,112379,Sardinella aurita,NA
2001,Thunnus atlanticus,4941,Thunnus atlanticus,683.33
2002,Callinectes sapidus,8459,Callinectes sapidus,NA
2002,Centropomus spp,6864,Centropomus spp,0.03895973
2002,Coryphaena hippurus,11720,Coryphaena hippurus,49.1
2002,Hirundichthys affinis,1937,Hirundichthys affinis,78.9
2002,Holothuriidae,0.01,Holothuriidae,NA
2002,Lobatus gigas,3923,Lobatus gigas,203.9
2002,Lobatus gigas2,186,Lobatus gigas2,10503
2002,Lobatus gigas3,7095,Lobatus gigas3,0.028
2002,Lobatus gigas4,1639,Lobatus gigas4,0.58
2002,Lobatus gigas5,4330,Lobatus gigas5,423.8
2002,Lobatus gigas6,800,Lobatus gigas6,0.99
2002,Lutjanus campechanus,2566,Lutjanus campechanus,10636.2
2002,Menticirrhus littoralis,2025,Menticirrhus littoralis,0.0177
2002,Mugil cephalus,3545,Mugil cephalus,NA
2002,Octopus spp,16018,Octopus spp,23725.965
2002,Opisthonema oglinum,1335,Opisthonema oglinum,3163.2
2002,Panulirus argus,13047,Panulirus argus,657
2002,Panulirus argus2,9895,Panulirus argus2,6.46
2002,Panulirus argus3,12370,Panulirus argus3,65.29
2002,Sardinella aurita,158141,Sardinella aurita,NA
2002,Thunnus atlanticus,4247,Thunnus atlanticus,944.44
2003,Callinectes sapidus,15650,Callinectes sapidus,NA
2003,Centropomus spp,8399,Centropomus spp,0.03412752
2003,Coryphaena hippurus,10614,Coryphaena hippurus,66.49
2003,Hirundichthys affinis,2111,Hirundichthys affinis,89.3
2003,Holothuriidae,0.01,Holothuriidae,NA
2003,Lobatus gigas,4650,Lobatus gigas,180
2003,Lobatus gigas2,166,Lobatus gigas2,NA
2003,Lobatus gigas3,3780,Lobatus gigas3,0.017
2003,Lobatus gigas4,2008,Lobatus gigas4,0.65
2003,Lobatus gigas5,3844,Lobatus gigas5,463.57
2003,Lobatus gigas6,868,Lobatus gigas6,0.89
2003,Lutjanus campechanus,1003,Lutjanus campechanus,11042
2003,Menticirrhus littoralis,3326,Menticirrhus littoralis,0.0175
2003,Mugil cephalus,1179,Mugil cephalus,NA
2003,Octopus spp,16103,Octopus spp,23007.385
2003,Opisthonema oglinum,925,Opisthonema oglinum,2829.9
2003,Panulirus argus,8730,Panulirus argus,680
2003,Panulirus argus2,9802,Panulirus argus2,4.51
2003,Panulirus argus3,12497,Panulirus argus3,71.53
2003,Sardinella aurita,141901,Sardinella aurita,NA
2003,Thunnus atlanticus,2510,Thunnus atlanticus,116.67
2004,Callinectes sapidus,12600,Callinectes sapidus,NA
2004,Centropomus spp,7270,Centropomus spp,0.021442953
2004,Coryphaena hippurus,9637,Coryphaena hippurus,51.97
2004,Hirundichthys affinis,1303,Hirundichthys affinis,42
2004,Holothuriidae,0.01,Holothuriidae,NA
2004,Lobatus gigas,4335,Lobatus gigas,203.8
2004,Lobatus gigas2,172,Lobatus gigas2,NA
2004,Lobatus gigas3,4125,Lobatus gigas3,0.057
2004,Lobatus gigas4,2117,Lobatus gigas4,0.58
2004,Lobatus gigas5,3473,Lobatus gigas5,457.36
2004,Lobatus gigas6,1037,Lobatus gigas6,0.51
2004,Lutjanus campechanus,912,Lutjanus campechanus,NA
2004,Menticirrhus littoralis,4101,Menticirrhus littoralis,0.0351
2004,Mugil cephalus,1685,Mugil cephalus,NA
2004,Octopus spp,24447,Octopus spp,25446.643
2004,Opisthonema oglinum,1449,Opisthonema oglinum,4130.8
2004,Panulirus argus,11095,Panulirus argus,684
2004,Panulirus argus2,10774,Panulirus argus2,4.64
2004,Panulirus argus3,11866,Panulirus argus3,85.85
2004,Sardinella aurita,200232,Sardinella aurita,NA
2004,Thunnus atlanticus,2542,Thunnus atlanticus,250
2005,Callinectes sapidus,9601,Callinectes sapidus,NA
2005,Centropomus spp,4156,Centropomus spp,0.019026846
2005,Coryphaena hippurus,10164,Coryphaena hippurus,47.98
2005,Hirundichthys affinis,1307,Hirundichthys affinis,78.9
2005,Holothuriidae,0.01,Holothuriidae,NA
2005,Lobatus gigas,5115,Lobatus gigas,127.8
2005,Lobatus gigas2,158,Lobatus gigas2,NA
2005,Lobatus gigas3,4800,Lobatus gigas3,0.07
2005,Lobatus gigas4,2339,Lobatus gigas4,0.71
2005,Lobatus gigas5,3816,Lobatus gigas5,503.75
2005,Lobatus gigas6,845,Lobatus gigas6,NA
2005,Lutjanus campechanus,3195,Lutjanus campechanus,NA
2005,Menticirrhus littoralis,4290,Menticirrhus littoralis,0.0307
2005,Mugil cephalus,3807,Mugil cephalus,NA
2005,Octopus spp,9919,Octopus spp,21454.732
2005,Opisthonema oglinum,898,Opisthonema oglinum,3575.8
2005,Panulirus argus,9618,Panulirus argus,652
2005,Panulirus argus2,9977,Panulirus argus2,4.2
2005,Panulirus argus3,11193,Panulirus argus3,75.55
2005,Sardinella aurita,108570,Sardinella aurita,NA
2005,Thunnus atlanticus,1696,Thunnus atlanticus,283.33
2006,Callinectes sapidus,18701,Callinectes sapidus,NA
2006,Centropomus spp,4340,Centropomus spp,0.017516779
2006,Coryphaena hippurus,11165,Coryphaena hippurus,51.17
2006,Hirundichthys affinis,1065,Hirundichthys affinis,77
2006,Holothuriidae,5,Holothuriidae,NA
2006,Lobatus gigas,6383,Lobatus gigas,228.2
2006,Lobatus gigas2,79,Lobatus gigas2,NA
2006,Lobatus gigas3,4875,Lobatus gigas3,0.02
2006,Lobatus gigas4,1769,Lobatus gigas4,NA
2006,Lobatus gigas5,3606,Lobatus gigas5,563.22
2006,Lobatus gigas6,1385,Lobatus gigas6,NA
2006,Lutjanus campechanus,3337,Lutjanus campechanus,NA
2006,Menticirrhus littoralis,2410,Menticirrhus littoralis,0.0238
2006,Mugil cephalus,3976,Mugil cephalus,NA
2006,Octopus spp,24047,Octopus spp,24945.502
2006,Opisthonema oglinum,233,Opisthonema oglinum,2536
2006,Panulirus argus,7492,Panulirus argus,664
2006,Panulirus argus2,9763,Panulirus argus2,3.82
2006,Panulirus argus3,10886,Panulirus argus3,96.12
2006,Sardinella aurita,63426,Sardinella aurita,NA
2006,Thunnus atlanticus,2374,Thunnus atlanticus,133.33
2007,Callinectes sapidus,17874,Callinectes sapidus,NA
2007,Centropomus spp,4371,Centropomus spp,0.022651007
2007,Coryphaena hippurus,12650,Coryphaena hippurus,51.81
2007,Hirundichthys affinis,1445,Hirundichthys affinis,99.7
2007,Holothuriidae,183,Holothuriidae,4372
2007,Lobatus gigas,2843,Lobatus gigas,139.3
2007,Lobatus gigas2,77,Lobatus gigas2,7422
2007,Lobatus gigas3,4800,Lobatus gigas3,0.157
2007,Lobatus gigas4,1459,Lobatus gigas4,NA
2007,Lobatus gigas5,3950,Lobatus gigas5,695.04
2007,Lobatus gigas6,767,Lobatus gigas6,NA
2007,Lutjanus campechanus,2893,Lutjanus campechanus,NA
2007,Menticirrhus littoralis,2443,Menticirrhus littoralis,0.0247
2007,Mugil cephalus,3002,Mugil cephalus,NA
2007,Octopus spp,18730,Octopus spp,19198.14
2007,Opisthonema oglinum,208,Opisthonema oglinum,2742.8
2007,Panulirus argus,8007,Panulirus argus,724
2007,Panulirus argus2,8408,Panulirus argus2,4.89
2007,Panulirus argus3,9119,Panulirus argus3,74.05
2007,Sardinella aurita,54996,Sardinella aurita,NA
2007,Thunnus atlanticus,2584,Thunnus atlanticus,138.89
2008,Callinectes sapidus,14942,Callinectes sapidus,NA
2008,Centropomus spp,4109,Centropomus spp,0.027181208
2008,Coryphaena hippurus,10904,Coryphaena hippurus,51.65
2008,Hirundichthys affinis,2728,Hirundichthys affinis,159.2
2008,Holothuriidae,195,Holothuriidae,5774
2008,Lobatus gigas,6435,Lobatus gigas,194
2008,Lobatus gigas2,106,Lobatus gigas2,NA
2008,Lobatus gigas3,3000,Lobatus gigas3,0.021
2008,Lobatus gigas4,1459,Lobatus gigas4,NA
2008,Lobatus gigas5,3104,Lobatus gigas5,455.48
2008,Lobatus gigas6,576,Lobatus gigas6,NA
2008,Lutjanus campechanus,2574,Lutjanus campechanus,NA
2008,Menticirrhus littoralis,2654,Menticirrhus littoralis,0.0166
2008,Mugil cephalus,3201,Mugil cephalus,NA
2008,Octopus spp,11355,Octopus spp,16139.689
2008,Opisthonema oglinum,497,Opisthonema oglinum,2201.7
2008,Panulirus argus,9003,Panulirus argus,788
2008,Panulirus argus2,9952,Panulirus argus2,1.38
2008,Panulirus argus3,8855,Panulirus argus3,67.42
2008,Sardinella aurita,36157,Sardinella aurita,NA
2008,Thunnus atlanticus,2947,Thunnus atlanticus,72.22
2009,Callinectes sapidus,15000,Callinectes sapidus,NA
2009,Centropomus spp,3871,Centropomus spp,NA
2009,Coryphaena hippurus,12982,Coryphaena hippurus,54.2
2009,Hirundichthys affinis,2634,Hirundichthys affinis,NA
2009,Holothuriidae,720,Holothuriidae,7350
2009,Lobatus gigas,5430,Lobatus gigas,179.2
2009,Lobatus gigas2,71,Lobatus gigas2,NA
2009,Lobatus gigas3,3000,Lobatus gigas3,0.01
2009,Lobatus gigas4,1413,Lobatus gigas4,NA
2009,Lobatus gigas5,4023,Lobatus gigas5,353.93
2009,Lobatus gigas6,632,Lobatus gigas6,NA
2009,Lutjanus campechanus,2251,Lutjanus campechanus,NA
2009,Menticirrhus littoralis,1760,Menticirrhus littoralis,0.0177
2009,Mugil cephalus,2712,Mugil cephalus,NA
2009,Octopus spp,23515,Octopus spp,NA
2009,Opisthonema oglinum,394,Opisthonema oglinum,4056.5
2009,Panulirus argus,7339,Panulirus argus,818
2009,Panulirus argus2,8046,Panulirus argus2,2.35
2009,Panulirus argus3,9272,Panulirus argus3,91.3
2009,Sardinella aurita,48275,Sardinella aurita,160000
2009,Thunnus atlanticus,3554,Thunnus atlanticus,27.78
2010,Callinectes sapidus,9800,Callinectes sapidus,NA
2010,Centropomus spp,4304,Centropomus spp,NA
2010,Coryphaena hippurus,8601,Coryphaena hippurus,49.89
2010,Hirundichthys affinis,2641,Hirundichthys affinis,NA
2010,Holothuriidae,390,Holothuriidae,3938
2010,Lobatus gigas,5273,Lobatus gigas,192.7
2010,Lobatus gigas2,68,Lobatus gigas2,NA
2010,Lobatus gigas3,3300,Lobatus gigas3,0.038
2010,Lobatus gigas4,1610,Lobatus gigas4,NA
2010,Lobatus gigas5,4642,Lobatus gigas5,275.38
2010,Lobatus gigas6,447,Lobatus gigas6,NA
2010,Lutjanus campechanus,1055,Lutjanus campechanus,NA
2010,Menticirrhus littoralis,2411,Menticirrhus littoralis,0.0228
2010,Mugil cephalus,2558,Mugil cephalus,NA
2010,Octopus spp,21038,Octopus spp,NA
2010,Opisthonema oglinum,533,Opisthonema oglinum,3321.5
2010,Panulirus argus,7163,Panulirus argus,845
2010,Panulirus argus2,8899,Panulirus argus2,3.64
2010,Panulirus argus3,12461,Panulirus argus3,115.55
2010,Sardinella aurita,41912,Sardinella aurita,NA
2010,Thunnus atlanticus,3208,Thunnus atlanticus,NA
2011,Callinectes sapidus,7620,Callinectes sapidus,NA
2011,Centropomus spp,4255,Centropomus spp,NA
2011,Coryphaena hippurus,12736,Coryphaena hippurus,53.72
2011,Hirundichthys affinis,1046,Hirundichthys affinis,NA
2011,Holothuriidae,311,Holothuriidae,4194
2011,Lobatus gigas,5625,Lobatus gigas,120.5
2011,Lobatus gigas2,78,Lobatus gigas2,11871
2011,Lobatus gigas3,3000,Lobatus gigas3,0.075
2011,Lobatus gigas4,1304,Lobatus gigas4,NA
2011,Lobatus gigas5,3735,Lobatus gigas5,269.2
2011,Lobatus gigas6,436,Lobatus gigas6,NA
2011,Lutjanus campechanus,1109,Lutjanus campechanus,NA
2011,Menticirrhus littoralis,1766,Menticirrhus littoralis,0.0166
2011,Mugil cephalus,2808,Mugil cephalus,NA
2011,Octopus spp,25620,Octopus spp,NA
2011,Opisthonema oglinum,411,Opisthonema oglinum,2877.3
2011,Panulirus argus,9182,Panulirus argus,882
2011,Panulirus argus2,9389,Panulirus argus2,NA
2011,Panulirus argus3,11342,Panulirus argus3,111.13
2011,Sardinella aurita,34753,Sardinella aurita,NA
2011,Thunnus atlanticus,3079,Thunnus atlanticus,NA
2012,Callinectes sapidus,3062,Callinectes sapidus,NA
2012,Centropomus spp,6133,Centropomus spp,NA
2012,Coryphaena hippurus,11046,Coryphaena hippurus,54.68
2012,Hirundichthys affinis,430,Hirundichthys affinis,NA
2012,Holothuriidae,377,Holothuriidae,4294
2012,Lobatus gigas,5893,Lobatus gigas,126.3
2012,Lobatus gigas2,45,Lobatus gigas2,NA
2012,Lobatus gigas3,4125,Lobatus gigas3,0.059
2012,Lobatus gigas4,1355,Lobatus gigas4,NA
2012,Lobatus gigas5,2524,Lobatus gigas5,322.08
2012,Lobatus gigas6,222,Lobatus gigas6,NA
2012,Lutjanus campechanus,3227,Lutjanus campechanus,NA
2012,Menticirrhus littoralis,3128,Menticirrhus littoralis,0.0187
2012,Mugil cephalus,3492,Mugil cephalus,NA
2012,Octopus spp,29548,Octopus spp,NA
2012,Opisthonema oglinum,775,Opisthonema oglinum,4053.6
2012,Panulirus argus,8394,Panulirus argus,923
2012,Panulirus argus2,10937,Panulirus argus2,NA
2012,Panulirus argus3,11810,Panulirus argus3,93.84
2012,Sardinella aurita,41905,Sardinella aurita,NA
2012,Thunnus atlanticus,3773,Thunnus atlanticus,NA
2013,Callinectes sapidus,3800,Callinectes sapidus,NA
2013,Centropomus spp,5860,Centropomus spp,NA
2013,Coryphaena hippurus,11644,Coryphaena hippurus,61.38
2013,Hirundichthys affinis,2050,Hirundichthys affinis,NA
2013,Holothuriidae,690,Holothuriidae,4233
2013,Lobatus gigas,5642,Lobatus gigas,NA
2013,Lobatus gigas2,0,Lobatus gigas2,NA
2013,Lobatus gigas3,3750,Lobatus gigas3,0.069
2013,Lobatus gigas4,1426,Lobatus gigas4,NA
2013,Lobatus gigas5,2143,Lobatus gigas5,NA
2013,Lobatus gigas6,160,Lobatus gigas6,NA
2013,Lutjanus campechanus,3078,Lutjanus campechanus,NA
2013,Menticirrhus littoralis,2486,Menticirrhus littoralis,0.0137
2013,Mugil cephalus,2777,Mugil cephalus,NA
2013,Octopus spp,23175,Octopus spp,NA
2013,Opisthonema oglinum,742,Opisthonema oglinum,2501.4
2013,Panulirus argus,8568,Panulirus argus,907
2013,Panulirus argus2,10939,Panulirus argus2,NA
2013,Panulirus argus3,9028,Panulirus argus3,112.57
2013,Sardinella aurita,46000,Sardinella aurita,NA
2013,Thunnus atlanticus,3247,Thunnus atlanticus,NA
2014,Callinectes sapidus,3900,Callinectes sapidus,NA
2014,Centropomus spp,5579,Centropomus spp,NA
2014,Coryphaena hippurus,11900,Coryphaena hippurus,66.97
2014,Hirundichthys affinis,1442,Hirundichthys affinis,NA
2014,Holothuriidae,1191,Holothuriidae,5633
2014,Lobatus gigas,4178,Lobatus gigas,NA
2014,Lobatus gigas2,285,Lobatus gigas2,NA
2014,Lobatus gigas3,3750,Lobatus gigas3,NA
2014,Lobatus gigas4,1135,Lobatus gigas4,NA
2014,Lobatus gigas5,1236,Lobatus gigas5,NA
2014,Lobatus gigas6,140,Lobatus gigas6,NA
2014,Lutjanus campechanus,3369,Lutjanus campechanus,NA
2014,Menticirrhus littoralis,1213,Menticirrhus littoralis,0.0146
2014,Mugil cephalus,3534,Mugil cephalus,NA
2014,Octopus spp,33735,Octopus spp,NA
2014,Opisthonema oglinum,1023,Opisthonema oglinum,2874.3
2014,Panulirus argus,8458,Panulirus argus,938
2014,Panulirus argus2,10669,Panulirus argus2,NA
2014,Panulirus argus3,9304,Panulirus argus3,101.16
2014,Sardinella aurita,50207,Sardinella aurita,NA
2014,Thunnus atlanticus,2405,Thunnus atlanticus,NA
2015,Callinectes sapidus,6826,Callinectes sapidus,NA
2015,Centropomus spp,7668,Centropomus spp,NA
2015,Coryphaena hippurus,14438,Coryphaena hippurus,59.31
2015,Hirundichthys affinis,434,Hirundichthys affinis,NA
2015,Holothuriidae,1965,Holothuriidae,4389
2015,Lobatus gigas,4045,Lobatus gigas,NA
2015,Lobatus gigas2,285,Lobatus gigas2,12438
2015,Lobatus gigas3,3750,Lobatus gigas3,NA
2015,Lobatus gigas4,1188,Lobatus gigas4,NA
2015,Lobatus gigas5,1257,Lobatus gigas5,NA
2015,Lobatus gigas6,94,Lobatus gigas6,NA
2015,Lutjanus campechanus,4211,Lutjanus campechanus,NA
2015,Menticirrhus littoralis,968,Menticirrhus littoralis,0.0111
2015,Mugil cephalus,4306,Mugil cephalus,NA
2015,Octopus spp,36267,Octopus spp,NA
2015,Opisthonema oglinum,642,Opisthonema oglinum,1668.4
2015,Panulirus argus,7805,Panulirus argus,920
2015,Panulirus argus2,14276,Panulirus argus2,NA
2015,Panulirus argus3,9434,Panulirus argus3,111.44
2015,Sardinella aurita,79243,Sardinella aurita,NA
2015,Thunnus atlanticus,1875,Thunnus atlanticus,NA
2016,Callinectes sapidus,7119,Callinectes sapidus,NA
2016,Centropomus spp,6399,Centropomus spp,NA
2016,Coryphaena hippurus,9543,Coryphaena hippurus,60.74
2016,Hirundichthys affinis,510,Hirundichthys affinis,NA
2016,Holothuriidae,4724,Holothuriidae,4419
2016,Lobatus gigas,2696,Lobatus gigas,NA
2016,Lobatus gigas2,285,Lobatus gigas2,NA
2016,Lobatus gigas3,3750,Lobatus gigas3,NA
2016,Lobatus gigas4,1069,Lobatus gigas4,NA
2016,Lobatus gigas5,1493,Lobatus gigas5,NA
2016,Lobatus gigas6,196,Lobatus gigas6,NA
2016,Lutjanus campechanus,4995,Lutjanus campechanus,NA
2016,Menticirrhus littoralis,1104,Menticirrhus littoralis,0.0043
2016,Mugil cephalus,6297,Mugil cephalus,NA
2016,Octopus spp,36898,Octopus spp,NA
2016,Opisthonema oglinum,1121,Opisthonema oglinum,2858.5
2016,Panulirus argus,8006,Panulirus argus,882
2016,Panulirus argus2,13297,Panulirus argus2,NA
2016,Panulirus argus3,11195,Panulirus argus3,117.31
2016,Sardinella aurita,122646,Sardinella aurita,NA
2016,Thunnus atlanticus,2549,Thunnus atlanticus,NA
2017,Callinectes sapidus,7335,Callinectes sapidus,NA
2017,Centropomus spp,8511,Centropomus spp,NA
2017,Coryphaena hippurus,8262,Coryphaena hippurus,43.99
2017,Hirundichthys affinis,814,Hirundichthys affinis,NA
2017,Holothuriidae,5758,Holothuriidae,NA
2017,Lobatus gigas,3289,Lobatus gigas,NA
2017,Lobatus gigas2,285,Lobatus gigas2,NA
2017,Lobatus gigas3,3750,Lobatus gigas3,NA
2017,Lobatus gigas4,944,Lobatus gigas4,NA
2017,Lobatus gigas5,1857,Lobatus gigas5,NA
2017,Lobatus gigas6,121,Lobatus gigas6,NA
2017,Lutjanus campechanus,4674,Lutjanus campechanus,NA
2017,Menticirrhus littoralis,1073,Menticirrhus littoralis,0.0074
2017,Mugil cephalus,4780,Mugil cephalus,NA
2017,Octopus spp,40257,Octopus spp,NA
2017,Opisthonema oglinum,1273,Opisthonema oglinum,2760.7
2017,Panulirus argus,7656,Panulirus argus,NA
2017,Panulirus argus2,12921,Panulirus argus2,NA
2017,Panulirus argus3,9670,Panulirus argus3,105.54
2017,Sardinella aurita,126400,Sardinella aurita,NA
2017,Thunnus atlanticus,2239,Thunnus atlanticus,NA
2018,Callinectes sapidus,7335,Callinectes sapidus,NA
2018,Centropomus spp,7167,Centropomus spp,NA
2018,Coryphaena hippurus,10166,Coryphaena hippurus,46.86
2018,Hirundichthys affinis,820,Hirundichthys affinis,NA
2018,Holothuriidae,8030,Holothuriidae,2421
2018,Lobatus gigas,4027,Lobatus gigas,NA
2018,Lobatus gigas2,285,Lobatus gigas2,9268
2018,Lobatus gigas3,3750,Lobatus gigas3,NA
2018,Lobatus gigas4,1085,Lobatus gigas4,NA
2018,Lobatus gigas5,2047,Lobatus gigas5,NA
2018,Lobatus gigas6,91,Lobatus gigas6,NA
2018,Lutjanus campechanus,5594,Lutjanus campechanus,NA
2018,Menticirrhus littoralis,1765,Menticirrhus littoralis,0.0101
2018,Mugil cephalus,7053,Mugil cephalus,NA
2018,Octopus spp,41326,Octopus spp,NA
2018,Opisthonema oglinum,575,Opisthonema oglinum,2911.9
2018,Panulirus argus,8263,Panulirus argus,NA
2018,Panulirus argus2,11376,Panulirus argus2,NA
2018,Panulirus argus3,8791,Panulirus argus3,127.95
2018,Sardinella aurita,126400,Sardinella aurita,NA
2018,Thunnus atlanticus,2252,Thunnus atlanticus,NA
2019,Callinectes sapidus,7335,Callinectes sapidus,NA
2019,Centropomus spp,6760,Centropomus spp,NA
2019,Coryphaena hippurus,9162,Coryphaena hippurus,45.11
2019,Hirundichthys affinis,806.02,Hirundichthys affinis,NA
2019,Holothuriidae,7548.2,Holothuriidae,2472
2019,Lobatus gigas,3069,Lobatus gigas,NA
2019,Lobatus gigas2,285,Lobatus gigas2,NA
2019,Lobatus gigas3,3750,Lobatus gigas3,NA
2019,Lobatus gigas4,812,Lobatus gigas4,NA
2019,Lobatus gigas5,765,Lobatus gigas5,NA
2019,Lobatus gigas6,92.4,Lobatus gigas6,NA
2019,Lutjanus campechanus,4164,Lutjanus campechanus,NA
2019,Menticirrhus littoralis,1107,Menticirrhus littoralis,0.0144
2019,Mugil cephalus,4606,Mugil cephalus,NA
2019,Octopus spp,34458,Octopus spp,NA
2019,Opisthonema oglinum,575,Opisthonema oglinum,4489.9
2019,Panulirus argus,6883.8,Panulirus argus,NA
2019,Panulirus argus2,11182.65,Panulirus argus2,NA
2019,Panulirus argus3,6354.72,Panulirus argus3,100.36
2019,Sardinella aurita,126400,Sardinella aurita,NA
2019,Thunnus atlanticus,1576,Thunnus atlanticus,NA
